Region,Country,anomaly_count,anomaly_share_pct
Asia,China,109,37.20136518771331
Europe,Switzerland,43,14.675767918088736
Europe,Andorra,38,12.969283276450511
Europe,Spain,19,6.484641638225256
North America,Canada,19,6.484641638225256
Asia,South Korea,14,4.778156996587031
Europe,France,14,4.778156996587031
Europe,Austria,12,4.09556313993174
Asia,Japan,9,3.0716723549488054
Europe,Italy,9,3.0716723549488054
North America,USA,5,1.7064846416382253
North America,Unknown,2,0.6825938566552902
