{
  "margin_model": {
    "mae": 0.01137447318462603,
    "rmse": 0.01471903815704394,
    "r2": 0.2970871973010266
  },
  "shipping_model": {
    "mae": 0.0022198560457184187,
    "rmse": 0.0029472722530861878,
    "r2": 0.9214805432279467
  },
  "cluster_count": 3,
  "segment_count": 3663,
  "anomaly_count": 293
}