cluster_id,segment_count,revenue,profit,profit_margin_pct,shipping_ratio,profit_per_order,profit_yoy_growth,margin_gap_vs_model,shipping_gap_vs_model,risk_score,revenue_share_pct,cluster_label
0,479,14004640.57,6089178.17,0.43456399979098476,0.016761505749055574,306.9917238651775,0.32589821689901466,0.0007125731272681536,-0.00015057737559720424,40.46743959996351,0.47010673035686396,Core rentavel
2,2285,11564843.19,5072859.81,0.4399658384275121,0.013580591778787041,52.080027828175176,0.25239271207138714,0.002147031583047481,-0.00017806372366715645,37.96229691349327,0.38820779383563603,Perfil misto
1,899,4220858.87,1715465.18,0.4032700884531985,0.036691732589863475,56.71253660589811,0.6330316482435303,-0.007017545133864272,0.000547647988244999,48.237665348569415,0.14168547580749996,Pressao logistica
