Main_Category,Peak_Month,Peak_Month_Name,Peak_Avg_Production_Cost,Category_Annual_Avg_Production_Cost,Peak_Deviation_pct_vs_Annual_Avg,Peak_Revenue,Peak_Orders
Accessories,8,August,35.77163565556037,34.87320550235838,2.5762763710988,299247.28,4622
Clothing,3,March,98.40292020725389,97.25207483704224,1.1833633083304633,862653.48,4825
Technical equipment,8,August,292.87926022628375,288.1909923130678,1.626791967225329,1222688.89,2298
